iduser,idtrusted,trust
1,22,1
1,23,1
1,24,1
1,25,1
1,26,1
1,27,1
1,28,1
1,29,1
1,30,1
1,31,1
1,32,1
1,33,1
1,34,1
1,35,1
1,36,1
1,37,1
1,38,1
1,39,1
1,40,1
1,41,1
1,42,1
1,43,1
1,44,1
1,45,1
1,46,1
1,47,1
1,48,1
1,49,1
1,50,1
1,51,1
1,52,1
1,53,1
1,54,1
1,55,1
1,56,1
1,57,1
1,58,1
1,59,1
1,60,1
1,61,1
1,62,1
1,63,1
1,64,1
1,65,1
1,66,1
1,67,1
1,68,1
1,69,1
1,70,1
1,71,1
1,72,1
1,73,1
1,74,1
1,75,1
1,76,1
1,77,1
1,78,1
1,79,1
1,80,1
1,81,1
1,82,1
1,83,1
1,84,1
1,85,1
1,86,1
1,87,1
1,88,1
1,89,1
1,90,1
1,91,1
1,92,1
1,93,1
1,94,1
1,95,1
1,96,1
1,97,1
1,98,1
1,99,1
1,100,1
1,101,1
1,102,1
1,103,1
1,104,1
1,105,1
1,106,1
1,107,1
1,108,1
1,109,1
1,110,1
1,111,1
1,112,1
1,113,1
1,114,1
1,115,1
1,116,1
1,117,1
1,118,1
1,119,1
1,120,1
1,121,1
1,122,1
1,123,1
1,124,1
1,125,1
1,126,1
1,127,1
1,128,1
1,129,1
1,130,1
1,131,1
1,132,1
1,133,1
1,134,1
1,135,1
1,137,1
1,138,1
1,139,1
1,140,1
1,141,1
1,142,1
1,143,1
1,144,1
1,145,1
1,146,1
1,147,1
1,148,1
1,149,1
1,150,1
1,151,1
1,152,1
1,153,1
1,154,1
1,155,1
1,156,1
1,157,1
1,158,1
1,159,1
1,160,1
1,161,1
1,162,1
1,163,1
1,164,1
1,165,1
1,166,1
1,167,1
1,168,1
1,169,1
1,170,1
1,171,1
1,172,1
1,173,1
1,174,1
1,175,1
1,176,1
1,177,1
1,178,1
1,179,1
1,180,1
1,181,1
1,182,1
1,183,1
1,184,1
1,185,1
1,186,1
1,187,1
1,188,1
1,189,1
1,190,1
1,191,1
1,192,1
1,193,1
1,194,1
1,195,1
1,196,1
1,197,1
1,198,1
1,199,1
1,200,1
1,201,1
1,202,1
1,203,1
1,204,1
1,205,1
1,206,1
1,207,1
1,208,1
1,209,1
1,210,1
1,211,1
1,212,1
1,213,1
1,214,1
1,215,1
1,216,1
1,217,1
1,218,1
1,219,1
1,220,1
1,221,1
1,222,1
1,223,1
1,224,1
1,225,1
1,226,1
1,227,1
1,228,1
1,229,1
1,230,1
1,231,1
1,232,1
1,233,1
1,234,1
1,235,1
1,236,1
1,237,1
1,238,1
1,239,1
1,240,1
1,241,1
1,242,1
1,243,1
1,244,1
1,245,1
1,246,1
1,247,1
1,248,1
1,249,1
1,250,1
1,252,1
1,253,1
1,254,1
1,255,1
1,256,1
1,257,1
1,278,1
1,279,1
1,280,1
1,281,1
1,282,1
1,283,1
1,284,1
1,286,1
1,287,1
1,288,1
1,289,1
1,290,1
1,291,1
1,292,1
1,293,1
1,294,1
1,295,1
1,296,1
1,297,1
1,298,1
1,299,1
1,300,1
1,301,1
1,302,1
1,303,1
1,304,1
1,305,1
1,306,1
1,307,1
1,308,1
1,309,1
1,310,1
1,311,1
1,312,1
1,313,1
1,314,1
1,315,1
1,316,1
1,317,1
1,318,1
1,319,1
1,320,1
1,321,1
1,322,1
1,2,1
1,258,1
1,3,1
1,259,1
1,260,1
1,4,1
1,5,1
1,261,1
1,6,1
1,262,1
1,7,1
1,263,1
1,8,1
1,264,1
1,265,1
1,9,1
1,266,1
1,10,1
1,11,1
1,267,1
1,268,1
1,12,1
1,269,1
1,13,1
1,14,1
1,270,1
1,15,1
1,271,1
1,16,1
1,272,1
1,17,1
1,273,1
1,274,1
1,18,1
1,19,1
1,275,1
1,20,1
1,276,1
1,21,1
1,277,1
1,251,1
1,136,1
1,285,1
2,73,1
2,162,1
2,416,1
2,417,1
2,418,1
2,81,1
2,168,1
2,419,1
2,420,1
2,421,1
2,172,1
2,174,1
2,422,1
2,254,1
2,423,1
2,424,1
2,24,1
2,425,1
2,426,1
2,427,1
2,428,1
2,429,1
2,430,1
2,431,1
2,102,1
2,192,1
2,432,1
2,195,1
2,433,1
2,434,1
2,435,1
2,436,1
2,104,1
2,437,1
2,439,1
2,440,1
2,111,1
2,441,1
2,208,1
2,442,1
2,443,1
2,122,1
2,444,1
2,445,1
2,41,1
2,446,1
2,300,1
2,447,1
2,449,1
2,450,1
2,221,1
2,48,1
2,451,1
2,452,1
2,307,1
2,342,1
2,453,1
2,454,1
2,455,1
2,56,1
2,232,1
2,456,1
2,457,1
2,458,1
2,459,1
2,318,1
2,460,1
2,8,1
2,267,1
2,12,1
2,13,1
2,14,1
2,272,1
2,415,1
2,438,1
2,448,1
3,598,1
3,599,1
3,600,1
3,601,1
3,602,1
3,603,1
3,604,1
3,605,1
3,606,1
3,22,1
3,607,1
3,608,1
3,609,1
3,24,1
3,610,1
3,611,1
3,28,1
3,612,1
3,613,1
3,614,1
3,433,1
3,31,1
3,33,1
3,615,1
3,616,1
3,617,1
3,618,1
3,619,1
3,485,1
3,36,1
3,620,1
3,39,1
3,41,1
3,621,1
3,446,1
3,622,1
3,46,1
3,623,1
3,624,1
3,625,1
3,53,1
3,626,1
3,627,1
3,628,1
3,59,1
3,629,1
3,630,1
3,631,1
3,79,1
3,632,1
3,633,1
3,634,1
3,635,1
3,636,1
3,637,1
3,638,1
3,639,1
3,640,1
3,94,1
3,641,1
3,642,1
3,643,1
3,98,1
3,101,1
3,644,1
3,645,1
3,104,1
3,647,1
3,648,1
3,109,1
3,649,1
3,650,1
3,651,1
3,111,1
3,652,1
3,653,1
3,654,1
3,655,1
3,656,1
3,657,1
3,120,1
3,658,1
3,123,1
3,126,1
3,135,1
3,659,1
3,660,1
3,661,1
3,662,1
3,663,1
3,158,1
3,664,1
3,159,1
3,665,1
3,666,1
3,161,1
3,667,1
3,668,1
3,669,1
3,670,1
3,168,1
3,671,1
3,672,1
3,673,1
3,172,1
3,674,1
3,675,1
3,676,1
3,677,1
3,368,1
3,678,1
3,195,1
3,194,1
3,679,1
3,200,1
3,680,1
3,681,1
3,682,1
3,683,1
3,684,1
3,211,1
3,685,1
3,686,1
3,687,1
3,688,1
3,1,1
3,690,1
3,218,1
3,691,1
3,692,1
3,693,1
3,454,1
3,227,1
3,694,1
3,228,1
3,695,1
3,696,1
3,697,1
3,232,1
3,698,1
3,699,1
3,238,1
3,239,1
3,241,1
3,700,1
3,252,1
3,701,1
3,254,1
3,702,1
3,703,1
3,704,1
3,705,1
3,706,1
3,707,1
3,434,1
3,708,1
3,709,1
3,710,1
3,711,1
3,286,1
3,289,1
3,712,1
3,713,1
3,714,1
3,715,1
3,716,1
3,298,1
3,717,1
3,718,1
3,719,1
3,720,1
3,721,1
3,722,1
3,305,1
3,306,1
3,308,1
3,455,1
3,593,1
3,316,1
3,723,1
3,459,1
3,318,1
3,724,1
3,725,1
3,263,1
3,265,1
3,267,1
3,16,1
3,272,1
3,19,1
3,646,1
3,689,1
4,2,1
4,728,1
4,729,1
4,730,1
4,467,1
4,731,1
4,732,1
4,2535,1
4,733,1
4,734,1
4,735,1
4,736,1
4,608,1
4,424,1
4,737,1
4,738,1
4,739,1
4,24,1
4,740,1
4,611,1
4,741,1
4,612,1
4,433,1
4,31,1
4,32,1
4,33,1
4,35,1
4,485,1
4,742,1
4,743,1
4,41,1
4,446,1
4,624,1
4,744,1
4,48,1
4,745,1
4,746,1
4,625,1
4,747,1
4,748,1
4,53,1
4,63,1
4,64,1
4,749,1
4,70,1
4,750,1
4,73,1
4,751,1
4,752,1
4,753,1
4,754,1
4,85,1
4,755,1
4,756,1
4,757,1
4,637,1
4,758,1
4,759,1
4,760,1
4,92,1
4,640,1
4,94,1
4,101,1
4,644,1
4,104,1
4,648,1
4,650,1
4,651,1
4,111,1
4,114,1
4,115,1
4,656,1
4,120,1
4,122,1
4,123,1
4,761,1
4,762,1
4,763,1
4,126,1
4,764,1
4,765,1
4,130,1
4,766,1
4,132,1
4,767,1
4,137,1
4,659,1
4,768,1
4,769,1
4,139,1
4,770,1
4,661,1
4,771,1
4,149,1
4,662,1
4,154,1
4,772,1
4,158,1
4,516,1
4,162,1
4,164,1
4,669,1
4,168,1
4,673,1
4,172,1
4,186,1
4,190,1
4,536,1
4,192,1
4,197,1
4,790,1
4,791,1
4,792,1
4,682,1
4,793,1
4,794,1
4,795,1
4,796,1
4,213,1
4,688,1
4,1,1
4,546,1
4,216,1
4,797,1
4,218,1
4,222,1
4,693,1
4,798,1
4,799,1
4,454,1
4,800,1
4,801,1
4,228,1
4,231,1
4,232,1
4,802,1
4,803,1
4,238,1
4,239,1
4,804,1
4,805,1
4,246,1
4,806,1
4,807,1
4,808,1
4,252,1
4,253,1
4,809,1
4,258,1
4,810,1
4,573,1
4,811,1
4,705,1
4,431,1
4,707,1
4,812,1
4,813,1
4,814,1
4,815,1
4,708,1
4,441,1
4,816,1
4,581,1
4,712,1
4,289,1
4,294,1
4,295,1
4,817,1
4,305,1
4,451,1
4,819,1
4,455,1
4,820,1
4,592,1
4,821,1
4,593,1
4,822,1
4,459,1
4,823,1
4,318,1
4,773,1
4,774,1
4,775,1
4,776,1
4,265,1
4,9,1
4,777,1
4,778,1
4,10,1
4,779,1
4,267,1
4,780,1
4,781,1
4,14,1
4,782,1
4,783,1
4,784,1
4,17,1
4,785,1
4,786,1
4,18,1
4,787,1
4,20,1
4,788,1
4,789,1
4,818,1
5,881,1
5,463,1
5,417,1
5,882,1
5,883,1
5,884,1
5,885,1
5,886,1
5,887,1
5,888,1
5,327,1
5,889,1
5,890,1
5,891,1
5,892,1
5,894,1
5,895,1
5,896,1
5,897,1
5,26,1
5,898,1
5,899,1
5,900,1
5,435,1
5,901,1
5,902,1
5,903,1
5,904,1
5,905,1
5,906,1
5,907,1
5,908,1
5,909,1
5,910,1
5,132,1
5,911,1
5,912,1
5,913,1
5,914,1
5,915,1
5,307,1
5,916,1
5,917,1
5,918,1
5,919,1
5,920,1
5,921,1
5,922,1
5,923,1
5,924,1
5,925,1
5,926,1
5,893,1
6,983,1
6,984,1
6,161,1
6,389,1
6,985,1
6,987,1
6,391,1
6,988,1
6,989,1
6,990,1
6,991,1
6,992,1
6,993,1
6,351,1
6,994,1
6,995,1
6,998,1
6,999,1
6,436,1
6,1000,1
6,1001,1
6,1002,1
6,1003,1
6,485,1
6,907,1
6,1004,1
6,1005,1
6,835,1
6,1006,1
6,1007,1
6,1008,1
6,1009,1
6,1010,1
6,1011,1
6,1,1
6,1012,1
6,1013,1
6,1014,1
6,1015,1
6,221,1
6,1016,1
6,1017,1
6,1018,1
6,1019,1
6,1020,1
6,1021,1
6,1022,1
6,1023,1
6,1024,1
6,1025,1
6,1026,1
6,1027,1
6,1028,1
6,1029,1
6,921,1
6,1030,1
6,1031,1
6,1032,1
6,532,1
6,986,1
6,996,1
6,997,1
7,1015,1
7,225,1
7,311,1
7,291,1
7,885,1
7,1046,1
7,1,1
7,1047,1
7,1037,1
7,1038,1
7,1039,1
7,1040,1
7,1041,1
7,1042,1
7,1043,1
7,1044,1
7,1045,1
8,73,1
8,2,1
8,79,1
8,632,1
8,1058,1
8,467,1
8,1059,1
8,807,1
8,1060,1
8,1061,1
8,85,1
8,1063,1
8,253,1
8,640,1
8,1064,1
8,1065,1
8,262,1
8,737,1
8,1066,1
8,24,1
8,738,1
8,476,1
8,1067,1
8,901,1
8,32,1
8,1068,1
8,814,1
8,281,1
8,109,1
8,650,1
8,1069,1
8,816,1
8,581,1
8,712,1
8,122,1
8,294,1
8,130,1
8,213,1
8,1070,1
8,716,1
8,41,1
8,1071,1
8,767,1
8,838,1
8,660,1
8,218,1
8,768,1
8,1072,1
8,746,1
8,451,1
8,510,1
8,1073,1
8,146,1
8,453,1
8,1074,1
8,1075,1
8,63,1
8,457,1
8,1076,1
8,1077,1
8,822,1
8,459,1
8,155,1
8,156,1
8,320,1
8,265,1
8,777,1
8,780,1
8,950,1
8,787,1
8,1062,1
10,416,1
10,4,1
10,728,1
10,667,1
10,668,1
10,669,1
10,599,1
10,730,1
10,777,1
10,1440,1
10,826,1
10,168,1
10,467,1
10,1441,1
10,732,1
10,1442,1
10,1443,1
10,673,1
10,1444,1
10,172,1
10,1445,1
10,604,1
10,1079,1
10,676,1
10,675,1
10,735,1
10,736,1
10,677,1
10,1447,1
10,1448,1
10,610,1
10,24,1
10,739,1
10,184,1
10,28,1
10,192,1
10,194,1
10,433,1
10,31,1
10,790,1
10,200,1
10,1449,1
10,1450,1
10,683,1
10,619,1
10,1451,1
10,37,1
10,1452,1
10,1367,1
10,41,1
10,688,1
10,1453,1
10,1,1
10,622,1
10,1454,1
10,1455,1
10,218,1
10,912,1
10,624,1
10,1456,1
10,625,1
10,798,1
10,748,1
10,626,1
10,1458,1
10,383,1
10,454,1
10,227,1
10,694,1
10,228,1
10,58,1
10,60,1
10,59,1
10,232,1
10,62,1
10,1459,1
10,750,1
10,1383,1
10,239,1
10,76,1
10,751,1
10,1461,1
10,807,1
10,757,1
10,637,1
10,759,1
10,4887,1
10,809,1
10,702,1
10,993,1
10,1465,1
10,640,1
10,641,1
10,643,1
10,1466,1
10,265,1
10,1467,1
10,98,1
10,573,1
10,875,1
10,101,1
10,644,1
10,707,1
10,1468,1
10,877,1
10,104,1
10,647,1
10,650,1
10,651,1
10,111,1
10,1469,1
10,657,1
10,656,1
10,118,1
10,126,1
10,715,1
10,1472,1
10,1473,1
10,660,1
10,718,1
10,1474,1
10,137,1
10,768,1
10,722,1
10,305,1
10,1476,1
10,819,1
10,312,1
10,821,1
10,594,1
10,593,1
10,316,1
10,158,1
10,1477,1
10,159,1
10,322,1
10,160,1
10,14,1
10,1457,1
10,1460,1
10,1462,1
10,1463,1
10,1464,1
10,1470,1
10,1471,1
10,787,1
10,276,1
10,1446,1
10,1475,1
11,1499,1
11,1500,1
11,1501,1
11,600,1
11,1502,1
11,603,1
11,1503,1
11,1504,1
11,1505,1
11,1506,1
11,1507,1
11,1508,1
11,1509,1
11,1510,1
11,894,1
11,181,1
11,1511,1
11,1512,1
11,1513,1
11,1514,1
11,27,1
11,1515,1
11,1516,1
11,1517,1
11,1518,1
11,215,1
11,1,1
11,1519,1
11,1520,1
11,1521,1
11,691,1
11,1522,1
11,1523,1
11,49,1
11,225,1
11,1524,1
11,228,1
11,1525,1
11,1526,1
11,918,1
11,1527,1
11,1528,1
11,1529,1
11,1530,1
11,79,1
11,245,1
11,499,1
11,1531,1
11,1532,1
11,1533,1
11,1534,1
11,86,1
11,568,1
11,1063,1
11,1535,1
11,1536,1
11,1537,1
11,1538,1
11,1539,1
11,1540,1
11,1541,1
11,261,1
11,895,1
11,1542,1
11,1543,1
11,1544,1
11,1545,1
11,1546,1
11,504,1
11,404,1
11,290,1
11,442,1
11,854,1
11,128,1
11,132,1
11,358,1
11,144,1
11,1558,1
11,1559,1
11,1560,1
11,1561,1
11,1562,1
11,597,1
11,267,1
11,12,1
11,1548,1
11,1549,1
11,14,1
11,1550,1
11,1552,1
11,1553,1
11,1554,1
11,1555,1
11,1556,1
11,1557,1
11,1547,1
11,1551,1
12,1607,1
12,2,1
12,1608,1
12,1609,1
12,522,1
12,79,1
12,499,1
12,1610,1
12,1611,1
12,1612,1
12,1613,1
12,1614,1
12,1063,1
12,1615,1
12,1616,1
12,1617,1
12,1618,1
12,1539,1
12,1619,1
12,180,1
12,1620,1
12,1621,1
12,1622,1
12,1623,1
12,24,1
12,1624,1
12,1625,1
12,1626,1
12,1627,1
12,1628,1
12,1629,1
12,1630,1
12,612,1
12,1631,1
12,1632,1
12,353,1
12,434,1
12,1450,1
12,1633,1
12,111,1
12,1634,1
12,1635,1
12,1636,1
12,1637,1
12,1009,1
12,1638,1
12,132,1
12,1639,1
12,690,1
12,1640,1
12,1641,1
12,722,1
12,1642,1
12,225,1
12,1643,1
12,307,1
12,1644,1
12,1645,1
12,1646,1
12,1525,1
12,629,1
12,1647,1
12,1029,1
12,1648,1
12,1649,1
12,1650,1
12,1651,1
12,724,1
12,1652,1
12,1653,1
12,13,1
12,784,1
12,1041,1
12,17,1
12,19,1
12,20,1
13,1754,1
13,666,1
13,161,1
13,162,1
13,522,1
13,600,1
13,777,1
13,465,1
13,2725,1
13,467,1
13,421,1
13,732,1
13,603,1
13,172,1
13,2726,1
13,2727,1
13,605,1
13,1343,1
13,676,1
13,734,1
13,2728,1
13,2729,1
13,1620,1
13,608,1
13,1180,1
13,1064,1
13,24,1
13,426,1
13,2730,1
13,1627,1
13,678,1
13,28,1
13,188,1
13,195,1
13,197,1
13,2731,1
13,31,1
13,901,1
13,1068,1
13,616,1
13,2732,1
13,684,1
13,742,1
13,485,1
13,207,1
13,37,1
13,795,1
13,2600,1
13,1366,1
13,41,1
13,2733,1
13,2734,1
13,446,1
13,1,1
13,216,1
13,690,1
13,217,1
13,218,1
13,2735,1
13,221,1
13,48,1
13,2503,1
13,225,1
13,2736,1
13,2737,1
13,798,1
13,625,1
13,555,1
13,384,1
13,56,1
13,231,1
13,629,1
13,232,1
13,698,1
13,62,1
13,65,1
13,2739,1
13,699,1
13,2740,1
13,2741,1
13,239,1
13,73,1
13,2742,1
13,1608,1
13,1461,1
13,1387,1
13,1050,1
13,79,1
13,245,1
13,83,1
13,246,1
13,1531,1
13,391,1
13,1610,1
13,2404,1
13,635,1
13,2745,1
13,1921,1
13,247,1
13,250,1
13,252,1
13,1063,1
13,1048,1
13,940,1
13,1465,1
13,640,1
13,258,1
13,2514,1
13,2747,1
13,573,1
13,1628,1
13,811,1
13,101,1
13,2031,1
13,434,1
13,1311,1
13,436,1
13,2749,1
13,1312,1
13,104,1
13,813,1
13,2750,1
13,2427,1
13,279,1
13,814,1
13,108,1
13,282,1
13,111,1
13,816,1
13,656,1
13,289,1
13,442,1
13,294,1
13,854,1
13,2431,1
13,2752,1
13,2753,1
13,132,1
13,2754,1
13,2161,1
13,2755,1
13,717,1
13,1047,1
13,2756,1
13,1015,1
13,305,1
13,142,1
13,307,1
13,144,1
13,2757,1
13,2758,1
13,1745,1
13,309,1
13,2759,1
13,310,1
13,819,1
13,820,1
13,2440,1
13,2760,1
13,313,1
13,2761,1
13,151,1
13,2762,1
13,459,1
13,517,1
13,2763,1
13,14,1
13,270,1
13,784,1
13,2738,1
13,1457,1
13,2487,1
13,2743,1
13,2744,1
13,2746,1
13,2748,1
13,2751,1
13,2066,1
13,18,1
13,20,1
13,276,1
13,2068,1
13,2581,1
14,2,1
14,2446,1
14,2447,1
14,2448,1
14,600,1
14,465,1
14,8,1
14,9,1
14,731,1
14,421,1
14,1089,1
14,12,1
14,13,1
14,2449,1
14,2450,1
14,2451,1
14,733,1
14,2452,1
14,2453,1
14,2454,1
14,1092,1
14,473,1
14,1093,1
14,2455,1
14,2456,1
14,2457,1
14,607,1
14,1621,1
14,23,1
14,24,1
14,2458,1
14,2459,1
14,2460,1
14,741,1
14,612,1
14,2461,1
14,1515,1
14,2462,1
14,433,1
14,901,1
14,2463,1
14,33,1
14,34,1
14,2464,1
14,35,1
14,742,1
14,1452,1
14,837,1
14,622,1
14,2466,1
14,1013,1
14,2467,1
14,838,1
14,2468,1
14,748,1
14,53,1
14,627,1
14,55,1
14,2469,1
14,64,1
14,62,1
14,63,1
14,66,1
14,1126,1
14,841,1
14,495,1
14,70,1
14,417,1
14,2472,1
14,632,1
14,81,1
14,752,1
14,846,1
14,2473,1
14,1130,1
14,633,1
14,2474,1
14,848,1
14,1134,1
14,635,1
14,636,1
14,2475,1
14,92,1
14,2476,1
14,1465,1
14,1619,1
14,94,1
14,641,1
14,1139,1
14,2135,1
14,2477,1
14,98,1
14,1143,1
14,100,1
14,101,1
14,2478,1
14,645,1
14,2146,1
14,648,1
14,2479,1
14,2480,1
14,2481,1
14,2482,1
14,656,1
14,118,1
14,442,1
14,122,1
14,1152,1
14,1047,1
14,2483,1
14,660,1
14,659,1
14,1157,1
14,2484,1
14,139,1
14,142,1
14,771,1
14,146,1
14,857,1
14,2485,1
14,159,1
14,666,1
14,161,1
14,416,1
14,522,1
14,777,1
14,168,1
14,671,1
14,781,1
14,2489,1
14,676,1
14,423,1
14,1179,1
14,183,1
14,368,1
14,2491,1
14,430,1
14,536,1
14,189,1
14,2493,1
14,1190,1
14,1191,1
14,2494,1
14,792,1
14,791,1
14,680,1
14,1196,1
14,202,1
14,684,1
14,683,1
14,1198,1
14,1006,1
14,2496,1
14,2497,1
14,215,1
14,688,1
14,1,1
14,2498,1
14,690,1
14,2499,1
14,2500,1
14,2501,1
14,1072,1
14,2502,1
14,2503,1
14,2504,1
14,1022,1
14,798,1
14,454,1
14,694,1
14,2505,1
14,698,1
14,2506,1
14,2507,1
14,2508,1
14,241,1
14,2509,1
14,2224,1
14,2510,1
14,807,1
14,2511,1
14,873,1
14,700,1
14,2512,1
14,254,1
14,2513,1
14,702,1
14,258,1
14,2514,1
14,1065,1
14,2515,1
14,399,1
14,267,1
14,811,1
14,2516,1
14,577,1
14,2517,1
14,2518,1
14,434,1
14,2519,1
14,2520,1
14,2521,1
14,2522,1
14,2523,1
14,1246,1
14,954,1
14,1842,1
14,1249,1
14,298,1
14,300,1
14,1474,1
14,722,1
14,2524,1
14,452,1
14,306,1
14,820,1
14,2525,1
14,2526,1
14,312,1
14,2527,1
14,593,1
14,2528,1
14,923,1
14,823,1
14,725,1
14,2529,1
14,2530,1
14,4,1
14,2531,1
14,418,1
14,2532,1
14,467,1
14,10,1
14,468,1
14,11,1
14,603,1
14,2533,1
14,2534,1
14,2535,1
14,605,1
14,2536,1
14,606,1
14,2537,1
14,1447,1
14,608,1
14,1064,1
14,2538,1
14,610,1
14,739,1
14,611,1
14,27,1
14,2539,1
14,1629,1
14,28,1
14,1886,1
14,2540,1
14,2541,1
14,2542,1
14,2543,1
14,31,1
14,32,1
14,2544,1
14,485,1
14,2545,1
14,620,1
14,2546,1
14,39,1
14,1280,1
14,2547,1
14,2548,1
14,1283,1
14,41,1
14,2549,1
14,2550,1
14,2551,1
14,450,1
14,2552,1
14,47,1
14,1287,1
14,745,1
14,50,1
14,2553,1
14,625,1
14,626,1
14,628,1
14,1525,1
14,56,1
14,60,1
14,59,1
14,456,1
14,2554,1
14,2555,1
14,630,1
14,749,1
14,750,1
14,631,1
14,2556,1
14,73,1
14,751,1
14,2557,1
14,79,1
14,847,1
14,2558,1
14,754,1
14,1921,1
14,756,1
14,1302,1
14,758,1
14,637,1
14,940,1
14,640,1
14,2559,1
14,2560,1
14,2561,1
14,2562,1
14,2563,1
14,2564,1
14,2565,1
14,104,1
14,2566,1
14,647,1
14,109,1
14,2567,1
14,650,1
14,111,1
14,2568,1
14,1933,1
14,115,1
14,653,1
14,2569,1
14,2570,1
14,853,1
14,854,1
14,765,1
14,764,1
14,766,1
14,2571,1
14,135,1
14,1324,1
14,137,1
14,770,1
14,510,1
14,144,1
14,856,1
14,148,1
14,1332,1
14,663,1
14,158,1
14,774,1
14,517,1
14,2573,1
14,667,1
14,1961,1
14,668,1
14,670,1
14,1440,1
14,419,1
14,1441,1
14,673,1
14,1444,1
14,172,1
14,174,1
14,2582,1
14,2584,1
14,2585,1
14,2586,1
14,2587,1
14,2588,1
14,675,1
14,2589,1
14,2590,1
14,677,1
14,2591,1
14,2592,1
14,2593,1
14,2594,1
14,2595,1
14,186,1
14,678,1
14,192,1
14,195,1
14,194,1
14,1356,1
14,1357,1
14,2596,1
14,2597,1
14,790,1
14,200,1
14,439,1
14,2598,1
14,2599,1
14,682,1
14,540,1
14,208,1
14,211,1
14,685,1
14,2600,1
14,1366,1
14,2601,1
14,1367,1
14,546,1
14,1453,1
14,1071,1
14,218,1
14,691,1
14,219,1
14,2602,1
14,2603,1
14,550,1
14,2604,1
14,693,1
14,2605,1
14,1378,1
14,2606,1
14,232,1
14,2392,1
14,2607,1
14,802,1
14,1383,1
14,238,1
14,1385,1
14,239,1
14,2608,1
14,1387,1
14,245,1
14,1059,1
14,2609,1
14,252,1
14,2610,1
14,2611,1
14,1398,1
14,1402,1
14,2613,1
14,810,1
14,265,1
14,2614,1
14,2615,1
14,2616,1
14,704,1
14,268,1
14,573,1
14,431,1
14,432,1
14,1410,1
14,437,1
14,2618,1
14,711,1
14,2619,1
14,286,1
14,1417,1
14,289,1
14,713,1
14,290,1
14,714,1
14,294,1
14,295,1
14,1419,1
14,716,1
14,2620,1
14,449,1
14,304,1
14,305,1
14,2621,1
14,451,1
14,819,1
14,2623,1
14,1497,1
14,314,1
14,457,1
14,822,1
14,1498,1
14,321,1
14,2574,1
14,782,1
14,1807,1
14,2575,1
14,16,1
14,2576,1
14,1457,1
14,950,1
14,2486,1
14,1463,1
14,2487,1
14,2488,1
14,2490,1
14,2492,1
14,1215,1
14,2495,1
14,17,1
14,273,1
14,785,1
14,2577,1
14,786,1
14,2578,1
14,531,1
14,19,1
14,2579,1
14,20,1
14,2580,1
14,788,1
14,2581,1
14,2612,1
14,2617,1
14,2622,1
14,2465,1
14,2470,1
14,2471,1
14,689,1
14,2572,1
14,2583,1
15,282,1
15,881,1
15,204,1
15,656,1
15,287,1
15,2971,1
15,2972,1
15,1533,1
15,1534,1
15,2973,1
15,2974,1
15,213,1
15,758,1
15,1639,1
15,1,1
15,2975,1
15,1615,1
15,2976,1
15,178,1
15,2728,1
15,2977,1
15,2978,1
15,142,1
15,2801,1
15,225,1
15,424,1
15,307,1
15,2979,1
15,2737,1
15,311,1
15,2981,1
15,898,1
15,678,1
15,312,1
15,821,1
15,2982,1
15,101,1
15,102,1
15,699,1
15,194,1
15,2983,1
15,1001,1
15,902,1
15,2066,1
15,2980,1
16,109,1
16,50,1
16,1451,1
16,418,1
16,454,1
16,24,1
16,168,1
16,83,1
16,656,1
16,14,1
16,232,1
16,1886,1
16,635,1
16,41,1
16,1,1
16,2466,1
16,516,1
16,31,1
16,160,1
16,437,1
16,20,1
17,4,1
17,825,1
17,667,1
17,669,1
17,670,1
17,730,1
17,168,1
17,3432,1
17,1089,1
17,732,1
17,13,1
17,14,1
17,673,1
17,781,1
17,172,1
17,782,1
17,605,1
17,676,1
17,736,1
17,677,1
17,22,1
17,2490,1
17,368,1
17,739,1
17,24,1
17,3433,1
17,192,1
17,195,1
17,194,1
17,433,1
17,679,1
17,31,1
17,1450,1
17,36,1
17,37,1
17,686,1
17,2784,1
17,41,1
17,1,1
17,1071,1
17,622,1
17,46,1
17,691,1
17,623,1
17,218,1
17,48,1
17,2603,1
17,745,1
17,625,1
17,798,1
17,53,1
17,454,1
17,629,1
17,232,1
17,62,1
17,64,1
17,3434,1
17,802,1
17,239,1
17,73,1
17,241,1
17,79,1
17,632,1
17,1059,1
17,2609,1
17,635,1
17,636,1
17,756,1
17,252,1
17,3435,1
17,254,1
17,92,1
17,640,1
17,1619,1
17,641,1
17,642,1
17,267,1
17,705,1
17,101,1
17,272,1
17,707,1
17,436,1
17,1468,1
17,2566,1
17,104,1
17,437,1
17,815,1
17,649,1
17,109,1
17,648,1
17,650,1
17,3436,1
17,111,1
17,711,1
17,2618,1
17,1469,1
17,118,1
17,712,1
17,713,1
17,120,1
17,123,1
17,126,1
17,444,1
17,718,1
17,659,1
17,719,1
17,305,1
17,140,1
17,307,1
17,308,1
17,727,1
17,819,1
17,455,1
17,312,1
17,593,1
17,3437,1
17,3151,1
17,3438,1
17,158,1
17,774,1
17,159,1
17,665,1
17,20,1
17,276,1
17,1557,1
17,2581,1
17,689,1
18,3098,1
18,3099,1
18,162,1
18,2985,1
18,668,1
18,2725,1
18,168,1
18,9,1
18,3100,1
18,2577,1
18,468,1
18,13,1
18,782,1
18,3101,1
18,1445,1
18,784,1
18,1263,1
18,1092,1
18,178,1
18,676,1
18,675,1
18,2589,1
18,2728,1
18,3102,1
18,3103,1
18,424,1
18,24,1
18,610,1
18,3104,1
18,3105,1
18,186,1
18,3106,1
18,3107,1
18,192,1
18,3108,1
18,3109,1
18,194,1
18,197,1
18,1357,1
18,3110,1
18,679,1
18,901,1
18,790,1
18,32,1
18,2778,1
18,1040,1
18,1105,1
18,684,1
18,3111,1
18,485,1
18,3112,1
18,38,1
18,37,1
18,3113,1
18,3114,1
18,3115,1
18,3116,1
18,3117,1
18,2600,1
18,1366,1
18,2497,1
18,3118,1
18,743,1
18,3119,1
18,213,1
18,41,1
18,2734,1
18,2976,1
18,46,1
18,3016,1
18,218,1
18,2500,1
18,48,1
18,2978,1
18,1457,1
18,225,1
18,746,1
18,1019,1
18,625,1
18,1458,1
18,555,1
18,800,1
18,3022,1
18,384,1
18,629,1
18,3122,1
18,456,1
18,1460,1
18,68,1
18,841,1
18,2740,1
18,1126,1
18,3123,1
18,3124,1
18,803,1
18,1127,1
18,2742,1
18,2986,1
18,80,1
18,3125,1
18,1531,1
18,2991,1
18,3127,1
18,1921,1
18,3128,1
18,86,1
18,3129,1
18,757,1
18,3130,1
18,1135,1
18,638,1
18,254,1
18,3131,1
18,3132,1
18,1397,1
18,3133,1
18,3134,1
18,3136,1
18,267,1
18,428,1
18,270,1
18,3137,1
18,2982,1
18,101,1
18,272,1
18,1235,1
18,3138,1
18,3139,1
18,434,1
18,1311,1
18,104,1
18,2427,1
18,3140,1
18,437,1
18,814,1
18,279,1
18,107,1
18,282,1
18,2482,1
18,710,1
18,816,1
18,1417,1
18,289,1
18,2972,1
18,3141,1
18,1009,1
18,2973,1
18,130,1
18,2752,1
18,1248,1
18,3142,1
18,2754,1
18,3143,1
18,3144,1
18,3145,1
18,718,1
18,2258,1
18,768,1
18,721,1
18,3146,1
18,770,1
18,915,1
18,3147,1
18,307,1
18,2757,1
18,661,1
18,3148,1
18,3149,1
18,821,1
18,2761,1
18,593,1
18,151,1
18,2967,1
18,1332,1
18,3150,1
18,2676,1
18,772,1
18,3151,1
18,158,1
18,3152,1
18,159,1
18,3153,1
18,787,1
18,1557,1
18,2581,1
18,3121,1
18,3126,1
18,3135,1
19,3098,1
19,2265,1
19,1500,1
19,1661,1
19,3563,1
19,14,1
19,13,1
19,3564,1
19,3565,1
19,3566,1
19,22,1
19,608,1
19,3567,1
19,610,1
19,738,1
19,2539,1
19,28,1
19,612,1
19,901,1
19,32,1
19,2778,1
19,616,1
19,1003,1
19,742,1
19,2780,1
19,36,1
19,3568,1
19,2296,1
19,2782,1
19,39,1
19,3180,1
19,3569,1
19,3570,1
19,446,1
19,3571,1
19,3572,1
19,3573,1
19,3574,1
19,50,1
19,453,1
19,628,1
19,1525,1
19,629,1
19,64,1
19,62,1
19,456,1
19,2790,1
19,68,1
19,2740,1
19,3575,1
19,3576,1
19,2742,1
19,1608,1
19,79,1
19,80,1
19,1463,1
19,3068,1
19,1531,1
19,635,1
19,3577,1
19,1615,1
19,89,1
19,3578,1
19,3579,1
19,96,1
19,3580,1
19,3581,1
19,1625,1
19,2904,1
19,1546,1
19,101,1
19,353,1
19,104,1
19,3582,1
19,650,1
19,1633,1
19,111,1
19,2155,1
19,1009,1
19,123,1
19,126,1
19,2753,1
19,3583,1
19,3584,1
19,768,1
19,1015,1
19,1554,1
19,913,1
19,1325,1
19,2757,1
19,3585,1
19,3586,1
19,727,1
19,1746,1
19,1947,1
19,2762,1
19,772,1
19,158,1
19,774,1
19,2763,1
19,162,1
19,3587,1
19,777,1
19,363,1
19,671,1
19,780,1
19,174,1
19,1569,1
19,3589,1
19,3590,1
19,1510,1
19,180,1
19,537,1
19,192,1
19,3591,1
19,2731,1
19,3239,1
19,3527,1
19,3592,1
19,1450,1
19,3593,1
19,1040,1
19,684,1
19,3245,1
19,3388,1
19,3247,1
19,1988,1
19,1364,1
19,2831,1
19,3594,1
19,2734,1
19,1454,1
19,1641,1
19,3595,1
19,1522,1
19,228,1
19,3596,1
19,231,1
19,3597,1
19,697,1
19,698,1
19,2739,1
19,3598,1
19,3599,1
19,3600,1
19,239,1
19,242,1
19,240,1
19,1609,1
19,929,1
19,1050,1
19,3125,1
19,245,1
19,246,1
19,2971,1
19,3601,1
19,248,1
19,252,1
19,2994,1
19,3435,1
19,3602,1
19,254,1
19,2516,1
19,272,1
19,2517,1
19,434,1
19,2427,1
19,437,1
19,279,1
19,814,1
19,282,1
19,708,1
19,2751,1
19,710,1
19,3606,1
19,2972,1
19,712,1
19,959,1
19,1588,1
19,1423,1
19,718,1
19,3607,1
19,3146,1
19,307,1
19,3148,1
19,3608,1
19,820,1
19,917,1
19,1560,1
19,821,1
19,412,1
19,3609,1
19,593,1
19,3610,1
19,459,1
19,3151,1
19,3603,1
19,3604,1
19,3605,1
19,2581,1
19,2987,1
19,3588,1
20,2447,1
20,600,1
20,1661,1
20,3740,1
20,12,1
20,13,1
20,733,1
20,3741,1
20,1614,1
20,3742,1
20,22,1
20,3743,1
20,424,1
20,945,1
20,3744,1
20,23,1
20,24,1
20,3745,1
20,3746,1
20,612,1
20,2775,1
20,433,1
20,1515,1
20,3747,1
20,3748,1
20,3749,1
20,3750,1
20,33,1
20,2088,1
20,3751,1
20,35,1
20,3752,1
20,3045,1
20,3753,1
20,3754,1
20,622,1
20,3755,1
20,2467,1
20,1520,1
20,2633,1
20,3756,1
20,53,1
20,1696,1
20,2788,1
20,3757,1
20,62,1
20,64,1
20,495,1
20,1126,1
20,3123,1
20,3758,1
20,3759,1
20,1463,1
20,82,1
20,1133,1
20,635,1
20,86,1
20,3760,1
20,1136,1
20,3761,1
20,3762,1
20,3763,1
20,1465,1
20,1619,1
20,95,1
20,94,1
20,2801,1
20,642,1
20,2140,1
20,101,1
20,102,1
20,645,1
20,1726,1
20,108,1
20,851,1
20,2480,1
20,114,1
20,113,1
20,656,1
20,3764,1
20,3765,1
20,120,1
20,2812,1
20,659,1
20,660,1
20,3766,1
20,769,1
20,2813,1
20,145,1
20,2816,1
20,159,1
20,666,1
20,162,1
20,2819,1
20,777,1
20,3767,1
20,3768,1
20,3769,1
20,524,1
20,168,1
20,170,1
20,3770,1
20,3771,1
20,2489,1
20,781,1
20,3772,1
20,1445,1
20,1767,1
20,3773,1
20,676,1
20,3774,1
20,180,1
20,1620,1
20,183,1
20,368,1
20,2492,1
20,786,1
20,187,1
20,3775,1
20,3776,1
20,1773,1
20,203,1
20,1,1
20,1522,1
20,220,1
20,3777,1
20,3778,1
20,3779,1
20,555,1
20,383,1
20,1205,1
20,3597,1
20,698,1
20,3543,1
20,1809,1
20,1530,1
20,2224,1
20,3780,1
20,1060,1
20,250,1
20,3268,1
20,3781,1
20,253,1
20,254,1
20,2746,1
20,1821,1
20,259,1
20,399,1
20,270,1
20,705,1
20,2516,1
20,3782,1
20,273,1
20,436,1
20,1080,1
20,815,1
20,1241,1
20,709,1
20,3783,1
20,1842,1
20,1248,1
20,3784,1
20,3721,1
20,722,1
20,2758,1
20,310,1
20,455,1
20,820,1
20,312,1
20,594,1
20,593,1
20,3785,1
20,823,1
20,1865,1
20,597,1
20,4,1
20,3786,1
20,3787,1
20,3788,1
20,3789,1
20,418,1
20,467,1
20,3100,1
20,468,1
20,14,1
20,16,1
20,17,1
20,3790,1
20,735,1
20,2536,1
20,2277,1
20,830,1
20,608,1
20,2278,1
20,1064,1
20,3035,1
20,3791,1
20,2539,1
20,28,1
20,1629,1
20,1886,1
20,3792,1
20,31,1
20,3793,1
20,32,1
20,3794,1
20,335,1
20,1581,1
20,835,1
20,39,1
20,41,1
20,446,1
20,2975,1
20,3571,1
20,3795,1
20,45,1
20,2304,1
20,450,1
20,3796,1
20,1288,1
20,1457,1
20,50,1
20,625,1
20,626,1
20,628,1
20,2738,1
20,1525,1
20,60,1
20,629,1
20,3797,1
20,456,1
20,65,1
20,3798,1
20,749,1
20,2893,1
20,73,1
20,1461,1
20,3799,1
20,79,1
20,3800,1
20,3801,1
20,1921,1
20,3802,1
20,756,1
20,3803,1
20,1304,1
20,1539,1
20,3804,1
20,940,1
20,96,1
20,3805,1
20,3489,1
20,1312,1
20,2566,1
20,3649,1
20,1001,1
20,104,1
20,106,1
20,3806,1
20,109,1
20,3807,1
20,3436,1
20,2568,1
20,654,1
20,3651,1
20,3808,1
20,1009,1
20,765,1
20,3500,1
20,3809,1
20,3810,1
20,137,1
20,140,1
20,3811,1
20,3812,1
20,3813,1
20,158,1
20,2353,1
20,774,1
20,2763,1
20,160,1
20,3814,1
20,3815,1
20,2573,1
20,1961,1
20,668,1
20,3816,1
20,1962,1
20,670,1
20,2725,1
20,3028,1
20,673,1
20,172,1
20,174,1
20,782,1
20,176,1
20,3589,1
20,2584,1
20,2587,1
20,675,1
20,2589,1
20,677,1
20,3817,1
20,3104,1
20,3818,1
20,186,1
20,192,1
20,195,1
20,194,1
20,197,1
20,2377,1
20,3819,1
20,540,1
20,2732,1
20,3387,1
20,3820,1
20,207,1
20,377,1
20,3114,1
20,3821,1
20,1364,1
20,211,1
20,3822,1
20,2600,1
20,3823,1
20,1366,1
20,3824,1
20,1990,1
20,3825,1
20,3826,1
20,218,1
20,2735,1
20,221,1
20,3827,1
20,551,1
20,693,1
20,800,1
20,2605,1
20,232,1
20,1487,1
20,3828,1
20,1032,1
20,236,1
20,237,1
20,238,1
20,239,1
20,3829,1
20,3125,1
20,245,1
20,3406,1
20,3831,1
20,3832,1
20,2609,1
20,247,1
20,248,1
20,2948,1
20,252,1
20,3435,1
20,3833,1
20,572,1
20,260,1
20,2613,1
20,265,1
20,431,1
20,3546,1
20,877,1
20,437,1
20,2956,1
20,3834,1
20,3835,1
20,1415,1
20,1469,1
20,711,1
20,2619,1
20,2972,1
20,713,1
20,3836,1
20,294,1
20,2432,1
20,2434,1
20,2620,1
20,717,1
20,449,1
20,303,1
20,3837,1
20,305,1
20,3838,1
20,451,1
20,3839,1
20,3840,1
20,592,1
20,1435,1
20,822,1
20,3841,1
20,1498,1
20,3842,1
20,724,1
20,1438,1
20,3843,1
20,3844,1
20,321,1
20,322,1
20,1652,1
